Name,
sunhl-1th-10-Jan-2017-244 B AP.jpg,tâches côtés
sunhl-1th-01-Mar-2017-311 L AP.jpg,
sunhl-1th-01-Mar-2017-317 C AP.jpg,
sunhl-1th-01-Mar-2017-319 A AP.jpg,
sunhl-1th-01-Mar-2017-319 C AP.jpg,
sunhl-1th-02-Jan-2017-162 B AP.jpg,
sunhl-1th-05-Jan-2017-167 A AP.jpg,
sunhl-1th-06-Jan-2017-178 A AP.jpg,
sunhl-1th-09-Jan-2017-210 A AP.jpg,
sunhl-1th-11-Jan-2017-254 O AP.jpg,
sunhl-1th-15-Feb-2017-286 B AP.jpg,
sunhl-1th-20-Jul-2016-2 B AP.jpg,
sunhl-1th-30-Dec-2016-161 A AP.jpg,
sunhl-1th-21-Nov-2016-137 C AP.jpg,
sunhl-1th-22-Feb-2017-291 E AP2.jpg,
sunhl-1th-26-Jul-2016-89 D AP.jpg,
sunhl-1th-25-Jul-2016-15 C AP.jpg,
sunhl-1th-25-Jul-2016-15 D AP.jpg,
sunhl-1th-26-Jul-2016-72 B AP.jpg,
sunhl-1th-26-Jul-2016-82 A AP.jpg,
sunhl-1th-01-Mar-2017-315 B AP.jpg,tâches bas
sunhl-1th-07-Feb-2017-282 A AP.jpg,
sunhl-1th-08-Feb-2017-284 B AP.jpg,
sunhl-1th-09-Jan-2017-194 C AP.jpg,
sunhl-1th-09-Jan-2017-208 B AP.jpg,
sunhl-1th-09-Jan-2017-209 B AP.jpg,
sunhl-1th-09-Jan-2017-212 C AP.jpg,
sunhl-1th-09-Jan-2017-215 B AP.jpg,
sunhl-1th-10-Jan-2017-227 A AP.jpg,
sunhl-1th-10-Jan-2017-228 D AP.jpg,
sunhl-1th-10-Jan-2017-230 A AP.jpg,
sunhl-1th-10-Jan-2017-230 B AP.jpg,
sunhl-1th-10-Jan-2017-232 B AP.jpg,
sunhl-1th-10-Jan-2017-239 B AP.jpg,
sunhl-1th-28-Feb-2017-239 C AP.jpg,
sunhl-1th-10-Jan-2017-248 A AP.jpg,
sunhl-1th-12-Jan-2017-268 A AP.jpg,
sunhl-1th-12-Jan-2017-269 B AP.jpg,
sunhl-1th-12-Jan-2017-269 C AP.jpg,
sunhl-1th-12-Jan-2017-271 B AP.jpg,
sunhl-1th-20-Jul-2016-20 C AP.jpg,
sunhl-1th-20-Jul-2016-coronal8.jpg,
sunhl-1th-09-Jan-2017-207 A AP.jpg,
sunhl-1th-09-Jan-2017-210 A AP.jpg,
sunhl-1th-10-Jan-2017-221 A AP.jpg,
sunhl-1th-10-Jan-2017-248 C AP.jpg,
sunhl-1th-11-Jan-2017-254 N AP.jpg,
sunhl-1th-21-Nov-2016-135 A AP.jpg,
sunhl-1th-22-Nov-2016-149 A AP.jpg,
sunhl-1th-25-Jan-2017-281 C AP.jpg,
sunhl-1th-28-Feb-2017-243 A AP.jpg,
sunhl-1th-06-Jan-2017-188 B AP.jpg,
sunhl-1th-09-Jan-2017-207 B AP.jpg,
